2698,3085,3610,3490,7788,1513,6812,11303,13,10722,7883,332,7168,4062,145,3979,4188,914,3780,3470,486,3281,2684,567,2786,536,303,525,1077,1073,153,151,26,27
2476,2861,3225,3143,7409,1759,6319,10781,13,10632,7792,333,7203,3963,154,3985,4218,893,3831,3543,467,3417,2522,506,2756,531,338,538,1105,1176,169,162,33,32
2247,2674,3090,2937,6487,1532,5689,9802,18,9470,7257,289,6615,3797,129,3643,3993,948,3578,3054,489,2991,2635,568,2704,539,335,456,1135,1215,166,189,35,38
2633,3076,3667,3614,7789,1594,6622,11506,14,11087,8723,394,7859,4357,156,4324,4521,979,4110,3418,518,3232,2668,559,2654,567,354,553,1117,1176,152,167,20,28
2612,3232,3693,3628,8463,1752,7362,11858,10,11420,9235,369,8347,4464,159,4550,4552,1021,4399,3749,496,3687,3051,650,3020,573,384,596,1432,1567,192,197,47,43
2666,2951,3663,3518,8135,1582,7110,11166,15,11149,7990,340,7714,4261,142,4251,4555,938,4272,3572,484,3383,2442,540,2548,505,309,545,973,1045,144,148,30,27
2955,3333,4063,3906,8912,1955,7795,13675,16,13583,9130,418,8644,4596,163,4650,4893,1046,4390,4029,588,3902,3265,717,3518,719,335,710,1532,1541,211,213,41,40
2212,2515,3169,2989,6796,1387,6041,9568,19,9368,6697,332,6337,3435,130,3448,3634,791,3311,2861,424,2805,2327,494,2523,510,359,493,931,1037,143,145,30,35
2281,2647,3108,3025,6688,1393,5991,10245,17,10030,6721,288,6185,3598,132,3640,3824,865,3604,3127,423,3111,2730,579,2621,491,377,515,831,858,121,129,19,17
2311,2503,3020,2807,6442,1371,5744,9184,18,9004,7098,275,6751,3624,124,3727,3849,714,3460,2960,379,2643,1983,387,1913,489,227,465,1057,1064,157,162,34,25
1615,1831,2096,2082,4220,952,3660,7183,15,6853,4948,233,4556,2421,91,2448,2486,598,2303,1975,323,1965,1620,350,1684,374,187,377,768,827,121,117,30,19
419,451,444,477,1261,339,1214,2472,4,2309,2030,86,1860,1073,35,1044,1181,239,1050,1074,105,917,685,125,722,103,51,131,277,301,29,32,3,2
1773,2047,2617,2408,5503,1081,4515,8812,14,7693,5964,248,5491,2933,100,2961,3155,716,2862,2548,377,2345,1903,420,1965,396,235,374,876,898,122,132,29,17
2848,3231,3698,3635,7934,1580,6468,11875,16,10371,9363,350,8797,4689,146,4646,4931,1063,4686,3867,522,3743,3067,605,3236,633,400,587,1240,1338,176,203,34,36
2087,2335,2857,2515,6155,1143,5042,8830,13,8331,6692,256,5826,3356,112,3169,3525,706,3041,2811,374,2616,2235,438,2255,450,268,405,871,914,122,126,23,29
2815,3277,3697,3649,7926,1677,7473,12580,12,12166,9589,401,8045,4877,146,4585,5022,1006,4542,3901,544,4011,3116,696,3380,638,412,583,1186,1364,158,173,33,30
3036,3437,3762,3713,8639,1741,7426,12334,20,11334,9015,367,8250,4672,165,4643,4851,1007,4516,3868,493,3753,2589,620,2794,569,309,601,1197,1275,168,162,39,31
2396,2774,3390,3122,7352,1401,6325,10650,17,10216,7414,324,6799,3902,135,3848,4050,855,3815,3235,394,3078,2456,530,2612,492,291,490,1030,1076,128,139,21,18
2103,2432,2805,2766,6410,1317,5787,9295,16,8694,6955,287,6217,3584,126,3423,3714,731,3462,2919,382,2851,2177,444,2466,479,273,418,1050,1110,153,142,29,22
1717,1716,2736,1889,5069,639,3532,4463,4,3980,3025,123,2751,1546,53,1711,1656,362,1934,1506,158,1771,901,177,1087,933,18,507,269,709,65,110,9,20
2804,3292,3847,3793,8319,1505,7233,11167,22,11594,8046,331,7366,4107,134,4178,4243,859,4129,3552,482,3506,2660,608,2952,600,323,601,1150,1282,157,170,35,33
2195,2466,2849,2693,6387,1280,5626,9324,23,8882,6696,254,5898,3316,118,3145,3408,696,2939,2763,383,2738,2090,443,2246,481,277,429,1069,1173,141,148,20,28
2571,3039,3262,3207,6841,1343,6363,10688,12,10452,7907,307,7010,3799,149,3793,3729,843,3420,2923,468,2775,2642,666,2811,559,306,485,893,970,122,138,25,23
2481,2943,3396,3372,7913,1631,6627,12418,18,11783,7171,344,6362,3690,131,3707,3976,869,3684,3199,514,3125,2550,522,2670,617,381,574,1367,1341,200,190,48,44
2870,3358,3975,3940,8675,1600,7705,12438,16,12057,8755,368,8113,4313,150,4516,4614,1016,4469,3890,601,3865,3379,650,3561,586,512,620,1402,1518,189,197,32,37
2679,3083,3460,3511,7864,1818,7104,10833,18,11146,8298,394,7997,4352,163,4499,4660,1120,4439,3667,548,3578,2572,599,2827,602,407,556,1031,1203,170,201,36,34
2178,2354,2858,2759,6239,1509,5389,9244,16,8984,7436,296,6727,3768,116,3729,3945,978,3748,2941,448,2997,2269,493,2360,478,309,439,1187,1227,184,173,30,35
2246,2430,2907,2848,6584,1219,5730,10442,17,10283,7625,350,6811,3891,170,3898,4217,875,3876,3410,452,3367,2834,603,3020,524,325,515,1025,1089,138,158,31,33
2742,3300,3796,3736,7602,1670,6925,10878,18,10562,8266,360,7652,4284,148,4166,4479,917,4073,3561,471,3459,2736,550,2857,529,380,501,1174,1249,171,179,32,30
2385,2717,3040,2906,6710,1288,5614,9449,8,9051,6736,299,6503,3345,136,3195,3699,832,2692,2774,429,2228,1965,485,2018,467,258,508,958,996,146,135,30,31
2554,3141,3401,3379,8011,1668,7227,12153,15,12256,7942,345,7825,4126,138,4135,4486,832,3950,3438,467,3176,2636,572,2781,582,268,589,1174,1216,157,170,34,35
2761,3020,3569,3264,7778,1528,6369,11431,14,10711,8125,364,7970,3995,156,4334,4395,981,4262,3385,487,3406,2931,618,2940,560,436,537,1169,1193,140,153,27,23
3624,4140,4532,4481,10366,1949,8653,14094,22,13152,9572,410,9015,4799,160,4905,5276,1349,4932,4666,666,4493,3739,742,3760,696,406,712,1632,1679,238,258,40,49
2789,3216,3760,3446,8317,1929,6523,11224,14,11321,8771,375,8025,3949,147,4245,4075,905,3926,3348,426,3261,3189,621,3131,556,429,443,1557,1641,175,214,40,47
2213,2623,2880,2789,6407,1408,5669,11383,17,10847,7904,328,7005,3978,127,3771,4016,761,3513,3036,392,2927,2284,494,2367,486,297,519,1194,1214,156,162,29,32
2827,3303,3535,3516,7752,1863,6596,12019,20,11589,9206,388,8664,4496,176,4382,4617,1119,4150,3843,612,3650,3189,704,3298,644,358,678,1170,1235,177,170,36,32
2575,3030,3349,3309,6990,1510,6237,11243,23,10785,8278,437,7279,3922,150,3824,4173,884,3750,3333,473,3129,2569,519,2763,572,340,594,1028,1167,126,158,29,34
2849,3132,3752,3589,7918,1488,6902,12464,19,12373,9391,380,8798,4483,159,4455,4687,956,4247,3532,502,3478,2927,573,2971,566,460,550,1053,1089,141,147,22,34
1402,1239,2345,1511,4697,574,2677,4351,5,3479,2818,118,3116,1368,40,1583,1488,303,1679,1386,147,1653,844,161,1042,799,14,582,229,551,52,89,9,12
2120,2445,3117,3007,7035,1449,6176,10559,13,9782,7720,374,7424,4013,133,4039,4082,826,3846,3273,461,3239,2810,584,2911,536,441,529,982,1075,137,162,25,33
2881,3169,3894,3508,8658,1624,7540,12529,22,12127,8559,332,8203,4529,162,4561,4719,941,4453,3679,465,3556,2550,552,2764,632,322,565,1163,1238,164,170,36,19
2394,2666,3404,3085,7621,1487,6300,11226,10,10154,7763,308,6550,4025,140,3704,4273,870,3634,3234,447,3012,2511,507,2573,498,303,447,1035,1149,142,154,31,31
2898,3550,4160,4022,8940,1735,8162,13011,16,12556,8952,388,7903,4578,170,4431,4791,1002,4345,4074,516,3969,3096,620,3238,581,395,550,1230,1320,157,187,29,36
2477,2849,3560,3349,7856,1539,6726,11032,19,10583,8672,367,7800,4171,145,4083,4159,935,3772,3212,434,3076,2371,509,2530,584,274,603,1167,1206,150,162,25,25
3082,3285,4079,3769,8671,1529,7401,12442,21,12305,10419,373,8782,4691,138,4458,4878,1028,4434,3798,511,3725,3025,584,3269,677,461,601,1706,1837,207,249,36,50
3595,4122,4430,4346,9219,1901,8047,14596,23,13533,9991,433,9053,5351,186,5150,5766,1247,5101,4448,629,4233,3130,723,3487,710,416,628,1456,1497,192,218,36,37
2969,3639,4007,4071,8526,1744,7559,12854,30,12464,10597,418,9524,5133,164,5059,5171,1133,4660,4085,603,3896,3201,682,3415,668,443,681,1212,1339,179,165,25,37
2842,3207,3760,3569,7681,1624,6562,11370,21,11137,7993,372,7231,3972,146,4092,4274,996,3911,3406,485,3206,2613,584,2794,507,237,517,1205,1335,193,198,35,41
2291,2649,2780,2668,6446,1387,5423,8657,12,8357,6868,301,6226,3212,135,3245,3302,668,3181,2751,369,2786,2283,436,2414,480,302,426,1295,1422,177,203,34,36
3069,3652,3840,3929,8860,1961,8025,12846,18,12580,9308,413,8232,4871,186,4597,5035,1071,4469,4040,549,3789,3087,648,3204,624,334,578,1249,1407,191,192,38,35
2969,3394,3667,3732,8035,1828,7485,12401,20,11700,9047,396,8545,4673,166,4602,4686,1036,4331,3932,548,3946,2892,662,3246,581,330,605,1319,1436,190,216,36,38
2312,2664,3148,2978,7254,1322,6316,9902,9,9475,7174,281,6048,3671,130,3564,3735,771,3461,3009,397,2969,2268,493,2435,560,273,518,935,983,138,145,30,20
2377,2731,3072,3076,6973,1528,6401,9790,21,9563,7013,305,6438,3635,132,3530,3893,746,3355,3159,392,2930,2433,499,2523,483,275,486,1059,1130,140,164,39,30
2814,3305,3848,3850,8320,1614,7239,12507,19,12153,8584,352,8034,4407,165,4557,4596,988,4269,3748,493,3631,3097,638,3272,589,392,618,1009,1102,147,148,23,22
2778,3243,3799,3664,8379,1676,7103,11585,12,11305,8510,355,7993,4264,145,4448,4439,1037,4335,3829,508,3765,2920,560,3086,582,314,570,1178,1248,148,172,27,35
2270,2569,2953,2782,6216,1235,5386,9993,11,9273,7042,257,6568,3397,126,3455,3406,918,3268,2831,478,2801,2507,531,2626,520,303,511,1192,1239,183,174,35,40
2718,3015,3745,3566,7885,1591,7132,11865,15,10938,9422,392,8478,4682,158,4793,4885,1067,4649,3771,559,3767,2806,645,2974,640,290,616,1150,1282,164,193,34,38
2460,2771,3062,3073,6558,1565,6187,10410,18,9732,7101,331,6536,3705,123,3686,3976,805,3650,3320,447,2952,2456,564,2656,486,264,438,954,1044,135,148,22,21
2409,2795,3184,3183,6654,1512,5942,10937,25,9079,7799,385,6660,3600,142,3699,3793,980,3524,2977,499,3005,2365,502,2566,527,350,553,1283,1476,182,196,33,35
2108,2477,2959,2935,6126,1417,5612,10759,15,9795,6498,314,5878,3423,132,3204,3675,872,3078,2745,434,2426,2011,468,2153,504,322,482,934,1015,131,155,31,26
2484,2958,3386,3250,7702,1573,6539,11547,20,10604,8333,336,7574,4235,150,4128,4426,967,4005,3498,480,3264,2630,568,2783,560,335,547,1279,1405,199,213,39,38
2335,2730,3080,2911,6910,1518,5995,10122,19,10400,7168,340,6535,3504,122,3575,3661,850,3431,2969,446,2858,2225,479,2448,528,275,522,978,1013,144,165,31,32
2872,3353,3645,3539,7824,1672,6801,12998,24,11921,9557,363,8858,4817,131,4598,5079,1090,4361,3747,602,3518,2890,594,3283,612,372,567,1655,1761,240,272,42,62
3302,3492,4100,4072,9001,1840,7796,13929,22,13412,9708,444,8973,4810,175,4946,5138,1139,4806,3978,583,4181,3091,685,3508,675,332,615,1619,1822,239,269,47,47
3190,3711,4237,3980,9198,1726,8269,12941,21,12698,9113,409,8499,4689,164,4737,5047,1151,4730,4241,622,4147,3287,709,3367,633,359,531,1477,1634,233,242,46,47
1274,1630,2385,2557,6360,1261,5645,8656,12,8716,6745,292,6088,3475,134,3289,3403,840,3177,2774,392,2700,2086,500,2217,485,255,486,999,1104,146,162,38,37
2618,3002,3504,3323,7468,1369,6520,10045,13,10084,8464,307,7583,4270,130,4257,4468,824,4093,3546,453,3354,2812,577,2864,557,392,542,1057,1156,152,159,27,29
2586,3119,3646,3534,7908,1673,6942,11261,20,11681,7943,358,8216,4034,153,4416,4143,901,3990,3489,522,3411,2977,571,3150,531,325,569,1042,1162,137,154,28,29
2494,2881,3374,3184,7495,1492,6311,11938,23,10863,7420,329,7008,3773,154,3716,4043,865,3649,3391,450,3227,2599,569,2849,479,296,480,1125,1229,161,157,39,20
2556,2977,3506,3335,7530,1488,6319,10784,14,10437,8067,334,7409,3964,143,3887,4160,828,3814,3340,458,3282,2760,585,2897,553,375,569,1261,1304,153,177,37,29
2100,2337,2909,2524,5907,1212,5004,8521,10,8030,5853,260,5348,3060,97,2983,3126,673,2901,2495,341,2422,2130,424,2223,395,291,412,961,1061,124,146,21,29
2317,2734,3103,2964,6596,1376,5790,9630,13,9895,7177,307,6756,3551,131,3700,3716,901,3707,3149,406,3185,2294,520,2524,515,249,475,984,1129,149,152,34,32
2435,2943,3326,3202,6810,1539,5783,9877,18,9250,7257,319,6770,3652,125,3628,3840,910,3495,3227,485,3014,2336,525,2593,482,337,515,1114,1236,160,172,25,25
2992,3506,3896,3766,8687,1772,7442,13097,24,12846,9171,366,8181,4736,148,4613,5018,1009,4655,4033,560,3739,3056,645,3288,539,417,613,1270,1312,188,170,40,36
2197,2479,3002,2809,6736,1449,5495,9427,11,9315,7560,299,6771,3661,130,3608,3775,823,3521,2899,428,3068,2223,470,2409,498,249,527,1001,1047,154,148,34,38
2359,2658,3063,2943,6975,1619,6076,11041,16,10673,8112,367,7282,4002,165,3834,4239,876,3717,3274,442,3163,2440,530,2630,519,354,503,1078,1182,133,136,21,31
2124,2519,2728,2748,6657,1460,5917,10128,12,9499,6388,294,5876,3294,124,3213,3699,780,3177,2978,386,2883,2222,462,2463,513,300,498,1150,1274,153,184,38,41
1722,2017,2188,2239,4747,954,4127,7874,13,7470,6272,211,5755,3057,87,2920,3179,580,2889,2546,337,2564,2202,406,2192,399,290,378,763,825,103,111,22,23
2543,2946,3493,3324,7524,1446,6602,10534,13,10382,8379,341,7416,4218,131,4120,4232,885,3797,3378,453,2988,2395,518,2512,539,322,500,1176,1237,167,161,36,35
2581,3036,3516,3253,7667,1431,6603,10868,14,10782,8239,314,7719,4125,143,4050,4227,822,3854,3260,389,3359,2385,496,2496,490,320,532,1149,1195,152,176,33,36
2260,2683,2993,2982,7071,1364,6253,9817,18,9097,7384,295,6740,3711,133,3605,3971,869,3531,3350,442,3132,2837,578,2902,509,302,493,983,1001,130,134,20,27
2643,2933,3272,3307,7664,1620,6600,11601,12,11122,7756,355,7336,3990,138,3922,4191,895,3855,3561,455,3248,2766,600,2897,514,295,504,1209,1217,193,179,28,30
2577,2783,3238,3031,7203,1505,6205,10626,15,10450,7800,340,7167,4148,173,4104,4391,947,4021,3624,485,3463,2763,632,2967,575,325,566,1036,1147,156,154,26,34
2525,2903,3233,3088,7495,1624,6301,11060,13,10096,7615,354,6459,3655,150,3531,3853,911,3533,3289,454,3552,2470,564,3116,510,283,524,1357,1513,204,214,34,45
1863,2070,2402,2264,5234,1090,4418,7497,11,7558,5654,251,4982,2778,102,2752,2817,646,2682,2355,318,2421,1797,367,1905,441,207,440,985,1041,138,148,31,21
2213,2483,3432,3220,7341,1535,6295,10028,15,9458,8293,325,7511,4099,135,4120,4137,984,3844,3465,509,3298,2660,531,2731,540,370,484,1256,1333,183,188,36,39
1894,2431,3568,3781,8911,1679,7584,12785,22,12632,9589,369,8130,4578,177,4464,4746,1170,4395,4044,549,4085,2875,626,3328,697,387,695,1533,1719,218,278,36,44
3494,3939,5007,4851,11380,2257,9909,15314,20,14290,11228,462,10024,5627,209,5370,5910,1315,5144,4748,608,4437,3487,755,3553,755,487,669,1606,1595,229,229,39,45
1558,2039,2621,2690,6084,1118,5165,9163,9,8160,6160,247,5331,3047,132,2906,3168,768,2980,2787,395,2684,2368,517,2379,563,302,506,873,1034,127,157,35,26
2415,2662,3177,3066,7094,1346,6106,10716,15,10200,7560,305,7052,3883,124,3847,4031,903,3686,3280,504,3221,2432,551,2752,522,297,515,1077,1130,147,162,32,22
2513,2993,3336,3394,7361,1611,6590,9923,19,9738,8209,336,7366,4087,155,3947,4410,949,3731,3646,476,3490,2792,608,2955,548,331,598,1035,1076,149,153,22,23
2790,3291,3803,3603,8816,1604,6739,12684,16,10296,8497,305,7539,4278,145,4131,4574,1017,4133,3583,517,3563,2848,606,2993,621,277,603,1225,1302,183,188,33,33
2295,2647,3077,2908,6571,1448,5769,9924,21,9340,7160,305,6818,3645,134,3646,3975,863,3522,3240,442,3019,2352,560,2548,537,238,518,1004,1074,130,143,27,31
1752,1959,2230,2181,4734,1082,4285,7243,13,6716,4745,225,4139,2357,83,2347,2457,515,2236,1958,279,1991,1491,308,1572,300,278,294,917,1017,117,149,29,28
1824,2070,2737,2404,5844,1179,4923,8761,12,7984,6146,224,5724,3030,111,3125,3064,735,2981,2301,362,2394,1744,396,1983,433,268,430,886,931,136,139,21,29
2358,2597,3196,3082,6829,1372,5828,10528,16,10009,7268,312,6440,3528,135,3549,3873,787,3526,2998,378,2947,2208,457,2352,497,257,481,971,1008,153,157,40,46
725,788,781,928,2291,456,2368,3943,3,4111,3094,146,3205,1665,58,1799,1725,290,1773,1417,173,1496,1084,258,1204,122,90,128,233,332,19,35,2,6
2537,2750,3396,3019,7165,1451,5829,9897,14,9790,7831,293,7551,3985,147,4116,4098,875,3707,3086,454,2960,2402,552,2467,524,253,527,1033,1133,153,165,26,17
2292,2638,3229,3065,7384,1373,6353,9927,10,9497,7275,311,6692,3632,133,3615,3844,831,3510,3167,430,2991,2412,541,2592,490,277,492,925,1002,120,140,25,20
2311,2620,3015,2834,6976,1548,5984,11674,14,10982,7267,319,6796,3646,130,3663,3887,903,3714,3008,461,3133,2593,505,2764,553,349,508,1142,1115,135,155,33,24
1412,1653,1931,1885,4224,923,3844,6418,9,6421,4785,197,4087,2234,80,2269,2326,541,2173,1893,295,1835,1544,312,1597,297,239,303,684,808,95,103,19,20
1533,1748,2137,2070,4802,992,4167,7212,11,6624,5165,217,4611,2596,84,2631,2763,632,2578,2295,348,2218,1779,352,1925,351,240,331,711,779,95,99,24,21
1519,1688,1785,1739,4113,1077,3578,6800,11,6236,4187,183,3944,2186,70,2167,2178,450,2025,1649,239,1787,1248,290,1402,270,191,288,809,926,126,124,22,24
1681,1916,2202,2121,4744,1020,4284,7369,8,6762,5060,230,4842,2589,97,2443,2655,559,2334,2137,313,2105,1557,318,1771,379,240,336,752,796,109,108,18,20
1742,1914,2259,2277,5090,1078,4590,7656,12,7170,5226,233,4786,2706,91,2645,2823,580,2614,2253,317,2148,1780,378,1803,409,236,409,694,725,95,104,16,15
2118,3537,2995,3778,2982,510,4727,2746,7,2489,1872,121,1622,836,24,798,945,198,934,1008,121,1200,926,85,1045,546,192,1063,50,80,8,18,1,5
2431,2880,3431,3376,7756,1521,6746,10836,15,10401,8028,331,6848,3950,138,3824,4095,858,3769,3204,467,3122,2531,506,2739,568,367,564,1356,1498,200,225,34,44
2316,2891,3206,3305,7183,1587,6382,10272,15,10143,7790,327,7120,4026,126,3941,4342,828,3756,3458,429,3262,2562,495,2722,574,329,550,1105,1210,153,170,28,24
2496,2931,3256,3125,7335,1528,6527,10237,31,9937,6909,371,7009,3594,122,3705,3837,869,3723,3042,463,3011,2841,547,2827,549,562,566,1069,1234,165,169,35,37
2567,2801,3380,3184,7401,1587,6558,11121,24,11012,7709,350,7009,3791,127,3950,3872,907,3683,3224,424,3149,2235,528,2478,536,279,497,1190,1291,185,183,38,37
2204,2544,2947,2780,6353,1337,5328,8930,13,8047,6941,306,6034,3443,124,3314,3544,826,3196,2812,427,2767,2361,499,2541,575,345,532,1001,1075,121,136,29,21
2883,3525,4045,4061,8311,1634,7480,13289,21,12051,7991,401,7338,4042,136,3884,4248,937,3733,3396,483,3122,2705,576,2838,630,478,640,1412,1633,215,246,58,52
2985,3343,3772,3438,8867,1649,7299,11372,23,11088,9026,380,8700,4625,143,4749,4871,945,4600,3709,546,3709,2840,600,3088,579,412,574,1374,1466,208,216,37,33
2419,2930,3185,3188,7033,1440,6216,10264,20,9706,7124,298,6180,3526,122,3311,3532,826,3185,2895,455,2785,2314,498,2348,546,332,585,1071,1167,156,177,26,35
2444,2829,3291,3176,7269,1423,6264,8506,12,9476,7071,277,5678,3237,125,2692,3109,789,2697,2464,436,2523,2363,481,2376,477,389,471,1432,1586,183,196,38,27
2588,2981,3808,3557,8305,1835,7380,11146,21,11682,8461,368,7929,4009,150,4095,4387,860,3874,3709,449,3437,2607,549,2803,616,279,620,1253,1278,201,177,32,40
2856,3212,3898,3700,8444,1557,7304,11500,18,11274,8036,331,7136,3868,143,3773,4012,851,3543,3242,476,3145,2375,557,2658,609,334,558,1098,1169,165,164,30,31
2100,2483,3040,2821,6884,1373,5791,9340,12,8876,6557,305,6201,3340,148,3582,3641,885,3497,2985,450,3088,2364,497,2638,485,359,486,920,1120,146,154,22,26
2636,2973,3593,3537,7469,1581,6574,11723,16,11357,8733,363,7726,4335,148,4199,4481,989,4071,3692,503,3742,2891,569,3093,559,349,535,1101,1255,176,183,31,35
2835,3194,3511,3466,7826,1803,6610,11128,24,10528,8759,372,8378,4092,155,4234,4230,1086,4109,3368,580,3431,2972,624,3175,545,382,599,1386,1570,203,215,42,42
3253,3598,4336,4061,9216,1847,7360,12409,24,12157,9586,443,8341,4718,164,4748,4810,1265,4513,4173,667,4233,3565,713,3776,640,398,580,1858,1944,249,250,53,50
2493,2842,3111,3025,6880,1461,5867,10360,15,9969,7878,314,6737,3963,148,3780,4126,813,3601,3209,394,3022,2337,470,2532,510,341,467,1340,1350,178,201,33,37
2593,2966,3292,3288,7407,1428,6466,9823,13,9568,7385,346,6725,3865,150,3989,3995,876,3716,3150,457,3002,2334,526,2566,526,246,501,856,975,119,125,20,28
2828,3364,3739,3727,8261,1687,7319,12222,15,11016,8334,306,7865,4210,145,4133,4530,959,4144,3776,487,3520,2763,581,3012,524,436,586,1275,1334,185,216,41,41
1497,1764,2701,2721,6301,1017,5635,8603,12,8497,7742,280,6874,3708,136,3614,3738,918,3224,3000,458,2809,2274,537,2454,459,326,462,908,930,135,133,28,23
2190,2612,2910,2862,6382,1371,5269,10018,26,10212,7671,329,6568,3907,120,3774,3998,805,3666,3063,408,2970,2316,447,2364,469,307,431,897,966,119,154,31,32
1767,2160,2460,2425,5465,1114,4785,8618,10,8227,5221,241,4789,2653,103,2714,2805,632,2610,2406,328,2296,2021,406,2082,426,297,418,822,862,118,119,27,27
2672,2921,3726,3363,7940,1711,6518,11877,16,11027,7738,328,6868,3926,143,3719,4139,961,3689,3458,487,3306,2974,626,2946,543,339,492,1386,1461,181,200,33,41
1604,1821,2097,1931,4763,1104,3985,7182,16,5986,4402,253,4083,2308,99,2265,2409,625,2185,1768,333,1802,1459,337,1572,345,160,299,933,1029,144,164,25,30
2181,2411,2978,2864,6584,1480,6162,9649,12,7915,5961,281,4638,2660,117,2142,2583,693,1744,1871,327,1287,1585,423,1484,431,200,350,1024,1032,151,146,26,25
2771,3423,4032,3423,5835,550,3547,3336,10,2476,2079,124,1696,957,30,827,1198,205,916,1433,135,1010,1075,83,971,780,249,547,83,57,13,15,3,3
2220,2520,2799,2738,6245,1249,5272,9636,18,9022,6471,304,6083,3267,100,3208,3308,710,3087,2705,408,2651,2080,450,2268,524,257,556,958,1048,128,133,27,33
2454,2993,3540,3449,7395,1591,6874,11176,22,10550,8669,391,7887,4309,157,4178,4309,950,4017,3464,503,3330,2709,592,2798,608,281,663,1061,1136,165,152,35,22
2313,2917,3240,3204,7809,1654,6689,11565,15,11111,7557,348,6628,3524,149,3566,3732,890,3434,3148,428,3151,2291,534,2781,527,326,494,1333,1542,187,216,39,38
2867,3373,3864,3755,8430,1909,7351,12039,22,11279,8357,362,7193,4114,156,4029,4320,902,3957,3755,490,3702,3016,618,3229,596,360,563,1563,1763,195,240,46,33
3532,4218,4546,4347,9982,2089,8725,14671,22,14281,9909,434,8858,5297,189,5144,5743,1443,5113,4737,752,4499,3524,730,3762,709,565,661,1219,1258,197,194,32,39
2487,2923,3490,3356,8106,1674,7237,13446,15,12741,8562,346,8141,4299,138,4267,4673,899,4188,3744,528,3641,3070,612,3106,638,412,565,1153,1304,185,203,41,43
3019,3432,3704,3745,8367,1669,7490,11488,12,11087,7949,365,7555,4087,141,4304,4341,880,4134,3643,491,3592,2886,599,3130,610,419,593,1277,1314,193,191,39,33
3104,3532,4126,3987,8866,1798,8072,15326,22,15858,9404,386,8468,4789,163,4841,5150,1100,4621,4315,675,4077,3133,728,3655,686,484,709,1297,1497,183,201,37,45
2826,3168,4168,3800,9527,1887,7940,13758,20,12973,8740,355,7914,4795,156,4698,4918,1099,4646,3877,566,3839,3270,687,3380,690,343,704,1471,1484,213,211,40,40
2651,3026,3646,3453,8446,1785,7090,11136,15,11064,9910,370,8628,4677,162,4453,4954,1009,4387,3953,495,3595,3006,569,3164,618,338,580,1405,1445,186,186,40,31
2335,2880,3028,3140,6846,1468,6197,10480,15,9679,7958,325,7528,4010,150,3956,4184,894,3798,3317,425,3236,2575,524,2687,497,329,483,1139,1273,153,192,38,43
2123,2652,2894,2924,6198,1279,5121,6894,16,8486,5340,273,5500,2836,99,2819,3014,797,2815,2718,411,2583,2517,456,2470,455,332,460,1519,1407,213,195,40,45
2826,3394,3698,3765,8426,1651,7234,12610,24,11707,8022,375,7489,3997,148,4038,4294,1104,3974,3704,566,3489,3116,639,3254,511,427,516,1433,1504,224,209,45,47
2220,2655,3066,3033,6695,1623,5947,11597,22,10695,7875,368,7196,3850,132,3807,4062,929,3667,3226,469,2984,2419,503,2502,586,340,551,1023,1133,158,164,35,34
2519,2927,3269,3152,6904,1363,5772,10234,16,10048,7839,344,7391,4223,128,4043,4371,901,3870,3453,498,3144,2504,555,2691,536,295,489,1332,1381,189,197,42,41
2589,2880,3493,3248,7486,1383,6147,10326,20,9976,7890,283,6849,3855,140,3753,3981,939,3629,3241,480,3157,2420,542,2639,506,302,491,1277,1334,198,187,36,34
2951,3380,3925,3755,8418,1645,7211,12589,14,12142,9079,375,8783,4418,175,4613,4755,1124,4383,3879,543,3587,3173,666,3261,623,485,612,1129,1274,162,150,32,27
2605,3140,3826,3599,8102,1593,6878,10271,17,10590,8396,332,7873,4160,141,4263,4545,937,4072,3839,491,3552,2751,576,3111,581,307,583,1358,1567,187,216,34,43
2540,2997,3407,3325,7487,1605,6601,12205,24,10690,7333,346,6370,3831,134,3525,4044,908,3602,3167,464,3105,2574,520,2688,622,406,568,1282,1502,181,202,39,29
2449,2775,3045,2945,6544,1253,6031,10141,17,9359,7264,299,6469,3663,127,3554,3771,805,3352,2997,394,2939,2123,443,2295,445,300,439,921,967,126,145,24,22
3255,3639,4049,3979,8955,2094,8272,12551,26,12280,10531,461,9201,5239,190,5021,5372,1198,4890,4419,623,4183,3439,731,3623,700,381,643,1449,1669,199,220,45,45
2163,2603,3205,3187,7009,1420,6052,10974,10,10227,7090,307,6908,3521,122,3596,3670,839,3454,3043,423,2822,2447,514,2473,527,340,559,1144,1302,188,197,38,44
2091,2429,2773,2689,6203,1309,5425,8177,11,8200,6144,251,5286,3088,136,2981,3194,740,2876,2471,349,2317,1990,463,2045,400,293,429,1143,1150,149,164,33,38
2533,2972,3390,3348,6941,1573,6168,10500,24,10445,7799,399,7288,3967,127,3931,4240,945,3909,3561,507,3424,2827,578,2813,574,384,609,1103,1149,150,152,23,30
2343,2647,2926,2876,6527,1496,5679,9211,19,8785,7109,292,6509,3429,131,3442,3571,884,3430,2988,425,2967,2421,524,2667,481,310,468,996,1091,126,152,23,33
2558,2986,3415,3248,7774,1583,6776,12817,21,11074,8121,367,7298,4061,151,4070,4254,969,3893,3638,486,3549,3094,635,3177,584,368,580,1235,1253,191,165,37,37
2585,3018,3612,3405,7832,1516,6908,11322,9,11295,8554,368,8164,4319,162,4361,4463,965,4156,3723,508,3613,3183,659,3296,580,365,585,1075,1175,139,140,16,20
2374,2668,3253,3234,6877,1407,6295,10373,19,10183,7270,303,6785,3687,127,3755,3918,794,3723,2929,439,3006,2416,483,2514,483,375,490,1317,1458,163,200,29,30
2962,3182,4084,3725,8971,1773,7035,12244,14,11395,8586,400,7752,4099,159,4019,4265,973,3843,3687,568,3451,2806,600,3027,531,348,515,1273,1368,173,194,43,43
1369,1763,2717,2698,7058,1275,5832,9251,8,8661,7189,308,6845,3702,154,3748,3873,934,3552,3251,485,3087,2717,626,2855,488,259,489,1043,1089,152,149,25,25
2719,3144,3426,3321,7669,1694,6644,11792,25,11226,9020,332,8234,4211,149,3980,4402,1039,4020,3495,562,3466,3096,572,3202,523,460,558,1335,1517,175,201,31,42
3037,3400,3881,3659,8035,1585,6851,12222,13,10765,8509,373,7828,4273,152,4070,4391,964,3844,3586,485,3350,2919,598,2901,588,310,551,1549,1645,230,217,48,48
1927,2312,2459,2441,5637,1228,5062,8178,15,7569,5693,279,5251,2868,102,2761,3077,678,2797,2619,357,2505,1963,396,2064,433,241,396,1015,1033,139,148,28,39
2033,2458,2857,2745,6370,1463,5437,9384,20,9412,6741,324,6687,3339,133,3478,3457,810,3313,2954,456,2865,2266,483,2491,505,285,498,1218,1285,160,172,38,30
2709,3195,3810,3664,8437,1636,7327,12426,26,11558,8477,362,7955,4396,143,4536,4640,994,4374,3670,486,3582,2852,619,2949,633,422,592,1219,1291,164,181,32,22
2269,2734,3142,2904,7024,1439,5816,9431,13,9512,7587,315,6945,3735,134,3787,3883,853,3623,3090,415,3041,2305,460,2518,479,331,467,1302,1422,157,181,33,35
2828,3388,4059,3828,8948,1827,7825,12374,22,12237,9593,390,8855,4644,205,4784,4853,1196,4733,4280,555,4297,3234,713,3561,591,341,609,1416,1518,205,212,32,36
2466,2851,3327,3165,7137,1420,6220,10782,18,9965,6856,323,6256,3504,122,3476,3776,805,3380,3298,405,3112,2615,514,2688,516,275,482,984,1087,141,151,38,30
1432,1614,1852,1838,3777,745,3400,5699,11,5832,4230,174,4223,2151,70,2258,2238,552,2158,1758,272,1816,1486,335,1558,317,197,304,765,796,120,130,25,25
2792,3307,3900,3714,8715,1981,7307,12732,22,12074,9122,368,8394,4645,138,4217,4969,939,4281,3850,480,3760,3193,590,3474,717,504,657,1479,1620,206,231,37,49
2822,3327,3845,3728,8344,1662,7188,10862,13,10245,7375,347,7013,3622,129,3528,3887,862,3347,3230,423,3023,2719,620,3143,530,324,495,1500,1593,202,189,39,36
2853,3148,3852,3569,8466,1622,7033,12912,18,11485,8590,331,7565,4105,156,4045,4119,937,3836,3705,465,3591,2996,636,3003,532,320,528,1114,1208,178,189,36,39
2578,3005,3344,3136,7240,1483,6323,10625,13,11027,8056,332,7207,3936,118,3820,4075,898,3740,3373,505,3312,2581,560,2735,560,296,534,1076,1105,137,153,28,34
2558,2867,3411,3294,7251,1624,6130,10780,16,10326,8324,348,7286,4223,148,4077,4443,906,4048,3386,442,3281,2523,536,2648,577,293,570,1231,1296,174,173,30,28
2328,2680,3315,3099,6838,1433,5774,10449,13,9909,7865,288,6931,3834,134,3816,3932,907,3602,3161,402,2848,2526,527,2520,541,299,430,983,1014,138,137,29,26
1865,2117,2668,2487,5917,1348,5355,8968,9,8609,5944,284,5669,2961,115,3050,3185,716,2967,2544,399,2410,2188,415,2253,485,267,476,907,977,127,143,28,21
2836,3152,3739,3598,8167,1604,7479,10807,23,11326,8295,359,7870,4052,154,4176,4259,985,4038,3407,542,3394,2822,584,2939,520,406,596,1472,1653,224,238,40,50
2186,2705,3059,3031,6235,1336,5764,9538,16,9193,7834,279,7272,3684,123,3848,3949,791,3682,3202,437,3148,2444,504,2751,461,269,483,1023,1131,148,143,32,30
2522,2900,3545,3342,7656,1625,6551,11438,23,11240,8268,345,7198,4159,152,3959,4169,886,3752,3244,463,3366,2453,572,2781,482,318,513,1142,1266,169,163,29,33
2195,2519,2891,2847,6855,1430,5976,10043,19,9853,7590,332,7257,3863,130,3778,4044,830,3561,3123,421,2975,2333,513,2518,510,286,471,946,1041,141,147,31,30
2816,3159,3636,3453,7895,1531,6743,10082,12,9320,6584,316,6883,3211,139,3375,2983,898,2704,2061,435,1926,2101,518,2042,381,305,425,1159,1193,161,185,34,42
2227,2524,2955,2796,6674,1297,5739,9234,8,8937,6787,286,6459,3479,125,3506,3633,846,3291,2925,418,2888,2284,515,2429,521,258,473,968,1040,141,152,25,33
2408,2597,3286,2970,7337,1412,6083,10900,11,10224,7866,281,6954,3913,135,3898,3994,812,3791,3498,455,3383,2783,610,2919,488,316,457,1074,1050,119,135,20,23
2403,2870,3249,3233,6898,1447,6183,10464,19,9387,7940,348,7575,3987,123,4065,4306,909,3918,3456,421,3268,2639,568,2609,494,309,507,1050,1186,152,168,33,31
3184,3711,4196,4141,9264,1810,7863,13054,21,13366,11675,423,10997,5692,160,5738,5849,1083,5377,4411,599,4081,3312,702,3743,721,446,623,1495,1558,222,219,42,36
2357,2792,3266,3092,7157,1428,6402,9864,22,9945,8165,338,7467,4027,140,3846,3966,870,3712,3062,440,3213,2439,504,2675,479,344,548,1347,1586,178,228,36,45
2658,3069,3522,3383,7533,1665,6641,10558,15,10991,8723,370,7849,4404,169,4391,4570,1116,4342,3526,530,3464,2837,621,3024,632,315,605,1130,1237,169,177,30,37
2635,3053,3621,3535,7782,1626,7368,11533,26,11375,9045,369,7390,4453,160,4085,4553,955,4171,3465,467,3688,2622,517,2847,600,340,613,1179,1313,147,162,26,35
1924,2286,2749,2739,5817,1375,5226,9345,19,8404,6507,307,5867,3110,126,3218,3301,757,3078,2658,415,2569,2343,489,2400,525,330,509,848,963,118,128,24,23
2292,2791,3174,3085,6858,1391,5821,9711,8,9569,7659,277,6970,3724,109,3597,3853,832,3554,3171,404,2890,2526,572,2636,542,256,565,1007,1106,141,173,32,31
2458,2887,3394,3182,7065,1557,6232,10216,15,9857,7684,345,7196,3851,144,3881,4185,830,3888,3557,429,3497,2878,545,2917,555,266,488,1020,1116,137,154,25,33
3320,3799,4092,4140,9584,2025,8284,12928,24,12294,10094,424,9708,5387,184,5432,5781,1195,5426,4590,674,4473,3609,781,3936,686,327,649,1389,1559,205,217,34,32
3219,3572,4475,4378,9857,1868,8291,14555,17,13732,10521,445,9308,5030,186,5033,5096,1104,4690,4483,570,4252,3638,774,3765,661,337,715,1247,1371,176,193,27,39
2449,2806,3589,3350,7826,1602,6446,12253,16,11710,8429,384,7657,4071,127,3991,4325,825,3993,3430,482,3331,3008,603,3156,615,435,597,968,1101,145,153,31,25
3091,3501,4205,4016,8802,1972,7661,13157,32,12999,9657,460,8659,4784,147,4861,5062,1067,4699,4276,524,4151,3023,693,3465,698,397,694,1343,1484,169,191,38,30
2260,2672,2899,2903,6655,1287,5962,9302,13,8954,7497,303,6978,3777,119,3828,4012,856,3663,3318,418,3231,2471,515,2685,492,309,493,979,1100,151,135,33,23
3236,3674,4428,4257,9408,1796,8138,13314,23,12847,10463,393,9596,5422,173,5175,5622,1159,4928,4424,546,4172,3093,698,3377,740,373,709,1695,1843,244,266,45,50
2659,3024,3563,3469,7528,1476,6636,10685,18,10865,8122,302,7688,3997,126,4145,4132,848,3987,3310,431,3183,2521,487,2665,588,314,634,1179,1213,172,172,25,35
1378,1637,1950,1954,4241,937,3699,6188,13,5923,4955,234,4578,2425,86,2380,2497,535,2283,1992,289,1870,1529,318,1629,322,206,312,706,749,101,101,20,23
2435,2757,3176,3079,7079,1418,6195,9405,7,9437,7240,281,6640,3683,114,3698,3929,796,3558,3023,384,3030,2383,491,2573,523,351,470,1148,1205,146,151,27,22
2626,3006,3468,3353,8133,1626,6626,12165,25,11164,7830,363,7225,3837,140,3962,3959,871,3727,3511,467,3492,2623,564,2759,512,278,518,1261,1347,174,205,38,30
3012,3406,4344,4152,9607,1736,8447,12123,18,12212,9457,354,8221,4928,162,4689,5131,1080,4493,4026,527,3695,2970,636,3045,636,376,609,1388,1402,186,188,28,29
2336,2595,3201,3047,6535,1337,5589,9324,18,7690,7666,306,5595,3605,128,3186,3595,820,3116,2845,411,2655,2367,469,2428,489,328,520,1290,1410,172,182,31,31
2649,3053,3613,3539,7667,1606,6731,10921,16,10874,8914,348,8096,4418,177,4210,4368,979,3664,3201,463,2815,2326,595,2453,505,306,470,1156,1236,160,162,33,28
2674,2999,3514,3264,7766,1458,6102,10378,19,9855,8103,327,6922,4044,128,3889,4119,927,3857,3258,486,3337,2745,567,2781,542,333,512,1432,1454,193,217,47,48
2516,2625,3333,3025,7017,1452,6110,11073,16,10700,8328,308,7190,4185,133,3944,4315,901,3941,3367,493,3265,2818,566,2752,591,329,553,1043,1136,132,144,19,29
2526,2859,3485,3231,7926,1616,6666,11091,20,10163,8011,309,7233,4057,149,3924,4214,910,3801,3291,464,3158,2619,590,2783,550,311,560,1233,1335,175,174,37,33
2269,2686,2954,2865,6689,1294,5607,9774,12,8799,6695,326,5572,3347,138,2953,3554,884,2809,2820,407,2637,2204,490,2574,404,379,430,1122,1285,171,168,28,26
2355,2672,3141,3003,6755,1475,6084,9427,15,9191,6287,294,5782,3473,104,2828,3496,750,2374,2555,380,1885,1913,480,1970,522,218,465,1034,1028,141,141,26,28
2863,3364,3990,3849,8497,1650,7509,12425,18,11973,9205,371,8286,4463,169,4198,4640,996,4106,3785,488,3640,3022,595,3030,582,396,613,1531,1660,198,204,40,27
2600,2910,3399,3323,6987,1598,6437,11507,16,10333,7813,319,7236,3820,152,3906,4210,983,3952,3165,483,3005,2702,553,2650,538,641,512,965,998,159,167,31,32
2682,3031,3564,3494,8336,1606,7123,12675,21,11604,8104,285,7473,4164,117,4169,4437,934,4079,3661,515,3411,3114,655,3283,592,334,548,1357,1472,208,222,35,41
2856,3204,3870,3627,8453,1675,7432,11959,24,12412,8238,372,7337,4162,127,4041,4427,896,4121,3722,477,3650,2937,619,3191,554,416,542,1603,1790,200,276,53,53
2453,2928,3146,3198,6519,1434,6368,10048,9,11159,7319,360,6687,3616,144,3632,3784,874,3648,3228,463,3167,2624,555,2693,522,325,509,994,1084,149,161,28,31
2393,2720,3215,3203,7167,1591,6415,10505,11,10047,7566,351,6743,3859,120,3844,4107,799,3903,3490,441,3334,2578,529,2684,494,270,487,1090,1114,162,161,30,24
2492,2863,3358,3133,7081,1389,6212,11112,15,10038,7624,300,7127,3609,133,3776,3779,925,3516,3188,530,3062,2444,549,2825,588,411,554,1135,1246,173,182,29,29
2981,3425,3989,3883,8098,1880,7032,11142,20,11775,9880,354,9261,5020,156,4890,5191,1107,4577,4099,554,3726,3128,672,3211,667,442,652,1286,1325,171,187,27,29
2750,3227,3823,3769,8016,1674,7370,10929,12,10808,8098,349,7453,3914,164,4034,4146,1053,4018,3445,520,3482,2802,574,3156,555,384,558,1355,1502,196,207,37,39
2864,3297,3898,3769,8804,1980,7921,13205,16,12989,8641,356,7617,4179,144,4046,4372,1099,3931,3780,570,3604,2999,624,3191,590,428,600,1114,1138,175,163,24,34
1350,1529,1864,1775,3919,842,3338,5857,4,5262,4280,205,3593,2096,65,2028,2132,471,1966,1738,278,1821,1396,317,1567,301,149,307,622,659,91,99,14,22
1949,2327,2941,2813,6193,1512,5345,8189,14,7453,4005,226,4054,1949,88,2030,1787,565,1750,1296,266,1230,1272,338,1187,359,190,374,913,1016,150,168,33,23
3008,3490,3873,3762,8886,1592,7567,10710,23,9940,6533,364,6123,3126,135,3225,3053,862,2932,2746,540,2581,2647,448,2701,474,424,464,2059,2212,293,319,54,50
2518,2824,3298,3228,7075,1463,6347,11140,22,10834,8154,342,7651,4046,147,3963,4302,1060,3831,3449,547,3451,2937,575,3131,562,449,563,1097,1146,131,159,38,36
2672,3283,3618,3509,7985,1708,7177,11016,25,11300,7895,319,7281,3905,140,3800,4201,824,3679,3353,440,3410,2406,547,2841,535,314,563,1258,1422,199,189,39,43
2450,2957,3368,3271,7825,1517,6773,10724,22,10149,7803,327,6388,3961,136,3577,4198,900,3577,3261,463,3234,2486,488,2797,495,385,520,1379,1634,193,211,31,43
2381,2719,3166,3115,6938,1447,6107,11107,16,10243,7753,276,6950,3805,130,3703,4105,941,3630,3381,468,3041,2495,540,2738,487,335,516,842,963,121,129,21,22
2790,3205,3497,3561,7476,1608,6798,10852,17,10562,8332,331,7629,4370,154,4217,4691,950,4329,3805,539,3609,3095,697,3104,573,316,597,1094,1140,144,183,32,36
2677,2952,3349,3294,7239,1328,6282,10719,13,10611,7486,298,6908,3841,148,3839,3995,790,3612,3129,409,2981,2341,547,2485,574,308,541,977,1016,138,135,15,22
1748,1894,2788,2576,6138,1237,5513,7172,11,6431,5127,199,4510,2399,77,2403,1884,483,1712,1193,245,1135,1032,342,1241,198,185,225,686,749,122,130,29,22
1232,1444,1917,1846,4349,922,3965,6568,7,6419,5147,200,4592,2497,88,2474,2624,520,2394,2020,261,2015,1684,340,1773,363,292,343,712,711,99,104,18,22
2925,3393,3842,3641,7992,1636,7028,12007,22,11222,7961,391,7509,4230,143,4205,4488,1020,4055,3700,568,3545,2822,617,3049,570,410,535,1426,1557,208,203,45,38
2245,2596,3040,2950,6901,1461,6005,9871,15,9955,7829,328,6754,3812,139,3685,3890,865,3684,3029,435,2901,2426,518,2588,534,335,508,987,1067,127,136,23,32
2928,3532,3876,3819,8359,1828,7056,13794,24,14198,8840,433,8007,4594,183,4305,4711,1015,4220,3749,560,3570,2937,614,3084,681,339,698,1306,1249,185,204,36,29
2985,3529,4138,3896,9067,1830,7529,12915,21,12467,9701,399,9352,4799,157,4931,5266,1137,4818,4439,581,4180,3529,722,3553,746,351,744,1392,1487,193,191,34,40
2727,3274,3800,3745,8437,1704,7654,11733,21,11153,8292,396,7543,4234,159,4144,4550,1034,4048,3646,582,3478,2915,686,3121,608,322,573,1130,1148,165,166,30,26
2441,2869,3320,3235,6887,1484,6400,11422,12,9931,7852,352,6968,3971,132,3880,4283,959,3762,3526,486,3216,2553,514,2637,535,256,498,1035,1073,143,158,34,27
2658,3171,3471,3334,7505,1640,6644,11230,19,11036,8617,404,8027,4430,147,4467,4719,987,4399,4001,481,3680,3031,609,3246,579,351,574,1226,1323,180,176,40,30
3022,3456,3797,3570,8608,1739,7048,12787,15,11560,9044,384,7860,4683,168,4266,5029,961,4145,4013,562,3537,2766,626,2928,591,342,590,1177,1218,168,181,28,27
2704,3243,3737,3596,8024,1702,7010,11647,21,10553,8969,360,8261,4430,154,4381,4639,1045,4061,3823,532,3573,3121,700,3205,641,362,609,1386,1461,197,186,41,40
2632,2924,3499,3403,7554,1640,6721,10506,14,10826,8495,400,7659,4180,139,4117,4519,936,3896,3705,461,3449,2698,558,2823,596,285,644,1090,1081,168,154,30,33
2923,3388,4113,4040,8363,1761,7886,12260,17,12115,9515,418,8761,4908,167,4845,5233,1020,4797,4117,507,3894,2997,672,3335,603,428,582,1162,1360,166,168,30,34
3195,3850,4343,4319,9478,1904,8303,13629,20,12982,9410,386,9033,4786,148,4732,5169,1335,4699,4218,632,4244,3523,674,3757,706,506,682,1759,1863,232,226,50,46
2814,3455,3789,3800,8550,1906,7821,11735,12,11962,10360,375,9453,4688,157,4679,4942,901,4451,3525,477,3519,3004,540,3043,592,546,599,1667,1837,243,249,44,35
3121,3524,4007,3870,9143,1626,7733,12326,18,11267,10215,398,8748,4984,165,4878,5336,1204,4724,3982,645,3883,3060,587,3226,628,626,669,1399,1544,184,176,34,34
2821,3345,3730,3607,8683,1840,7743,12152,21,12212,8827,401,7893,4317,168,4261,4489,975,4147,3694,510,3639,3055,595,3132,592,350,555,1367,1460,183,187,32,36
2501,2819,3223,3052,7200,1475,6363,10419,21,9533,7969,313,7300,3969,137,3918,4104,845,3789,3439,477,3392,2701,596,2815,515,247,521,976,1058,146,148,21,26
3265,3417,4053,3837,9967,2335,8867,16309,25,14730,9976,513,9100,5373,199,5338,5776,1316,5398,4876,665,4745,3236,702,3717,806,399,735,1517,1571,201,181,48,38
3073,3399,3758,3650,7857,1777,6774,11978,21,11847,9722,357,8620,5023,152,4804,5264,993,4697,4372,581,4142,3280,597,3456,690,370,640,1235,1318,192,184,38,40
2727,3348,3506,3563,8049,1650,7014,11979,15,12339,8328,394,7512,4197,139,4293,4494,1000,4185,3773,515,3782,2920,595,3070,626,400,657,1237,1271,191,197,44,52
2742,3123,3591,3495,7741,1653,6964,11128,23,10897,9024,362,8248,4588,142,4425,4677,999,4216,3851,518,3718,3043,635,3155,653,301,626,1224,1314,182,176,37,36
2569,3051,3313,3231,7203,1401,6307,9991,15,9179,6602,245,5644,3246,119,2889,3528,852,2955,3135,451,2888,2605,481,2637,481,355,483,1558,1719,229,213,43,44
2364,2743,3016,2924,6773,1530,5924,10010,12,9388,7578,300,7387,3853,116,3954,4247,871,3920,3297,425,3086,2507,482,2684,554,291,532,914,1005,146,146,26,23
2632,3050,3577,3568,8154,1701,7269,12901,24,11673,9830,394,8670,4745,165,4693,4986,1117,4523,4103,515,3986,3251,688,3380,556,377,533,1123,1233,160,160,30,26
2639,3044,3602,3517,7571,1519,6667,10195,19,9385,7324,332,7133,3826,157,4076,4079,950,3797,3197,458,3249,2495,520,2705,505,420,515,1168,1248,179,202,31,28
2339,2782,3111,2955,7092,1610,5984,9956,18,8965,7705,312,6894,3626,146,3430,3743,845,3278,3029,444,2883,2489,457,2665,512,364,479,1409,1461,220,207,39,40
1298,1461,1896,1768,4201,835,3377,6029,13,5712,4226,185,3876,2084,71,2120,2191,486,2091,1910,242,1937,1540,294,1607,371,173,305,889,913,117,109,21,24
1810,2178,2352,2278,5195,982,4439,7752,12,6792,5039,202,4696,2535,81,2461,2724,580,2517,2268,316,2158,1941,361,1905,374,240,385,955,1040,124,151,28,35
1771,2032,2389,2292,5087,1037,4358,7741,8,7497,5642,217,5049,2799,89,2699,2883,636,2569,2227,296,2122,1481,332,1580,401,178,381,731,809,110,103,26,20
1684,1956,2173,2098,4501,1011,3808,7073,15,6679,5310,216,4820,2605,87,2577,2850,639,2605,2176,345,2125,1725,344,1726,342,272,346,881,928,121,143,26,30
1590,1847,2164,2069,5096,1105,4141,7483,10,6598,5434,208,4665,2683,95,2496,2799,732,2515,2236,395,2186,1889,386,1901,362,238,355,942,1067,139,157,27,25
1579,1872,2140,2071,4406,898,3778,6231,8,6142,4688,202,4398,2289,76,2393,2373,556,2257,1892,280,1919,1518,288,1626,310,231,329,1046,1108,145,165,29,28
1627,1875,2116,2102,4735,971,4201,6477,7,6510,5143,229,4694,2532,97,2587,2742,559,2519,2110,292,1997,1588,333,1700,330,193,330,749,778,94,108,15,22
2565,2938,3292,3075,6998,1455,5857,9837,12,8977,7480,289,6884,3697,136,3743,3784,827,3618,3240,439,3382,2771,546,2953,502,353,493,1565,1733,247,232,53,31
2681,3087,3454,3381,7802,1569,6889,12314,15,11699,8909,389,8503,4647,169,4652,4786,930,4447,3990,491,3748,2998,687,3327,598,367,570,1115,1310,148,176,26,22
2900,3331,4237,3958,8099,1682,7328,11768,13,11694,9197,394,8469,4698,138,4635,4906,904,4504,3804,479,3593,3008,623,3110,651,306,649,1231,1303,167,177,39,35
2079,2484,2849,2721,5876,1116,5242,8556,12,8074,7103,285,6797,3498,117,3495,3584,764,3278,2847,418,2645,2152,436,2235,466,339,449,983,1083,146,141,24,30
2936,3303,3890,3764,8455,1784,7399,12515,18,11953,8790,398,7861,4502,181,4391,4722,1124,4274,3864,547,3652,3192,739,3244,582,410,605,1316,1449,185,205,37,36
2186,2739,3085,2964,6839,1398,5988,11528,15,9383,7329,298,6118,3561,137,3515,3711,808,3542,2907,422,3248,2286,470,2706,470,331,482,1275,1456,197,188,41,47
2549,2915,3504,3259,8110,1559,6810,10560,21,10101,6628,349,6433,3394,150,3402,3699,983,3377,3307,482,3336,2969,549,3062,496,410,509,1231,1341,185,175,34,32
4455,4663,5852,5389,13032,2407,10958,16968,16,16149,11969,546,11066,6074,269,5913,6354,1529,5602,5400,749,4965,4152,1053,4556,885,286,791,1135,1176,141,144,32,32
2027,2385,2526,2688,6111,1310,5455,9219,19,8972,6372,326,5851,3239,126,3297,3455,758,3208,2970,406,2924,1952,425,2138,494,216,474,877,932,136,133,29,23
2911,3233,3941,3857,9191,1867,7834,12316,17,12187,9018,383,8658,4520,185,4598,4664,1105,4296,3691,581,3711,2786,641,2978,638,359,625,1011,1117,140,149,24,25
2737,3060,3287,3200,7395,1630,6184,10649,27,11419,6648,364,6546,3382,128,3513,3638,972,3475,3356,609,3150,2949,627,3150,545,398,539,2094,2088,297,296,64,58
2930,3406,3871,3818,8486,1862,7443,13184,16,12405,8808,427,8157,4129,191,4287,4313,1011,4198,3671,498,3663,3330,597,3399,696,381,667,1377,1458,183,188,36,42
2233,2440,3128,2903,6620,1271,5649,10043,14,9522,7422,300,6769,3582,108,3600,3788,840,3550,3209,394,3258,2426,495,2595,464,374,432,1213,1203,158,150,30,32
2470,2752,3200,2996,6959,1485,6305,11391,12,10499,7583,363,6850,3815,142,3710,4089,888,3713,3005,497,3151,2369,507,2652,465,297,471,1236,1359,165,185,41,38
2545,2795,3359,3325,7147,1478,6336,10372,13,9237,6894,304,6693,3391,135,3416,3640,772,3450,3177,425,3183,2750,551,2848,559,373,546,1219,1233,154,164,32,36
2794,3231,3912,3732,8637,1744,7549,12671,30,12402,9294,377,8784,4557,166,4612,4721,1173,4428,3601,549,3571,2813,612,3058,598,346,560,1117,1242,150,163,25,27
2979,3256,4053,3855,9367,2013,7979,13639,20,12555,9841,392,8866,4755,157,4884,4940,1120,4615,4077,538,4146,3261,675,3442,605,373,589,1460,1560,208,226,36,40
2506,2651,3311,3153,7358,1450,6226,10279,12,10374,7782,349,7536,3978,148,4058,4021,949,4009,3193,489,3248,2557,546,2680,518,290,525,1124,1207,158,162,29,28
2557,2822,3496,3328,7490,1584,6534,10540,17,9604,7313,307,7190,3800,140,3875,3974,911,3648,3377,464,3227,2504,534,2755,519,263,477,1220,1352,173,187,26,31
2333,2694,3142,3047,6705,1466,6045,10168,12,9444,7229,325,6796,3649,135,3692,3904,979,3615,3157,495,3089,2625,605,2765,528,306,482,1324,1451,163,188,29,32
2450,2813,3298,3170,6941,1353,6006,9891,19,9772,7403,292,6654,3715,120,3636,3904,774,3441,3136,428,2895,2534,506,2570,515,346,519,1285,1280,183,196,31,41
2441,2834,3126,3138,6772,1364,5976,9838,18,9965,7017,286,6590,3446,119,3368,3587,869,3272,3038,457,2944,2139,505,2435,525,244,516,1019,1098,146,155,26,29
2115,2465,3044,3023,6420,1238,5712,9419,11,9170,7129,246,6725,3542,105,3716,3650,660,3572,2858,378,2866,2058,413,2288,457,295,482,1016,1095,143,169,22,36
2483,2794,3399,3373,7696,1481,6851,10620,16,10747,7919,309,7176,4003,137,3922,4100,812,3808,3485,403,3219,2468,536,2648,545,277,576,1020,1077,156,163,34,29
2371,2693,3022,2998,6381,1390,5775,9057,13,9197,7136,322,6325,3769,121,3635,3910,793,3418,3147,420,2838,2469,538,2680,532,256,477,920,920,127,137,28,27
1600,1382,2257,1802,4497,854,4329,6886,8,5633,6695,164,3658,3784,96,2220,4660,429,2432,2371,160,1917,970,128,907,437,12,351,425,483,53,42,8,5
2681,3064,3334,3335,7455,1715,6898,11181,13,10895,8945,346,7973,4260,149,4256,4515,1028,4172,3583,538,3417,2632,528,2780,606,350,580,1214,1320,180,184,32,30
2731,3236,3605,3674,7558,1653,7148,11742,18,10788,9098,382,8141,4447,170,4163,4710,937,4079,3632,481,3537,2710,527,2854,542,358,540,1212,1412,158,201,27,39
2551,2872,3464,3334,7071,1598,6236,10105,14,10029,7452,331,6967,3818,137,3763,4207,959,3605,3762,527,3646,2777,572,3099,523,254,528,1102,1201,168,175,32,29
2826,3042,3673,3501,8042,1667,7046,11760,14,11342,8458,349,7793,4190,145,4224,4343,979,4012,3722,504,3572,3052,608,3130,590,264,571,1313,1381,168,189,37,28
2122,2384,2888,2941,6280,1396,5693,10258,14,9864,6898,298,6782,3484,114,3588,3794,704,3449,3021,403,3134,2352,488,2464,437,309,455,1003,1073,146,145,26,27
2658,3240,3738,3622,7852,1565,7082,12106,21,11945,8720,380,8288,4462,165,4709,4729,1023,4499,3753,548,3674,2858,643,3062,592,400,594,1129,1190,139,170,29,24
1977,2255,2702,2532,6062,1322,5143,8439,17,8279,6372,263,5881,3187,115,3160,3221,723,2972,2680,343,2649,1962,426,2144,433,202,400,1061,1153,161,157,33,35
2332,2700,3089,3090,6543,1449,5869,10474,18,10205,7342,310,6917,3577,125,3681,3919,817,3645,3205,462,3193,2492,484,2654,494,354,488,1189,1302,198,182,40,38
2164,2489,2894,2706,6209,1343,5270,9144,17,8516,7166,300,6253,3486,122,3402,3655,826,3348,2956,433,2813,2321,487,2387,485,325,464,1088,1158,149,169,27,32
2253,2609,3088,2941,6899,1447,5984,10185,19,9771,7408,293,6924,3761,136,3749,4028,850,3776,3104,425,3029,2242,488,2319,532,228,569,925,1013,143,139,25,22
2086,2546,2969,3017,6288,1331,5563,8791,15,7993,6090,292,5640,3073,109,2981,3302,748,2925,2769,420,2704,2157,461,2230,456,275,527,1168,1337,177,201,35,40
2513,2886,3593,3381,7976,1437,6703,11175,17,9813,7706,313,6792,3814,129,3676,3992,838,3579,3251,417,3065,2566,524,2599,623,240,540,1155,1185,149,179,27,28
2639,3016,3357,3337,7042,1588,6232,11394,26,11112,7976,353,6877,4024,145,3867,4012,953,3695,3153,571,3222,2497,523,2682,524,349,514,1258,1329,162,166,32,35
1617,1917,3011,2815,6958,1223,5894,10080,9,9071,7421,298,6676,3913,155,3944,4115,926,3729,3204,456,3267,2799,591,2991,627,359,604,1179,1252,167,175,29,20
1131,1377,1706,1517,5066,973,3842,7756,5,7183,5948,245,5265,3035,107,3016,3075,623,2925,2575,349,2635,1826,431,2158,481,138,392,591,585,73,61,13,11
2423,2749,3176,3078,7287,1531,6078,10383,14,10244,7227,316,6732,3918,139,3730,3993,814,3651,3276,473,3150,2548,536,2610,550,279,514,986,1035,138,160,27,30
2529,2916,3342,3166,7174,1495,6006,10080,17,9467,8340,355,8130,4082,139,4089,4267,860,3890,3442,483,3173,2826,581,2941,529,372,549,1037,1124,143,139,24,23
2603,3053,3333,3281,7973,1698,6858,11357,24,10805,7698,328,6960,3686,160,3744,3977,899,3757,3513,471,3624,2754,569,2980,524,330,552,1415,1638,215,217,42,44
2507,2867,3414,3231,7350,1403,6176,10361,17,9788,8045,332,7265,3836,146,3922,4184,971,3802,3480,482,3156,2532,520,2660,560,302,529,1200,1278,179,179,35,32
2614,3018,3794,3807,8083,1606,7272,12300,23,11501,9570,413,8015,4530,140,4475,4687,947,4307,3672,513,3697,2735,534,2928,628,415,627,1400,1588,196,207,44,40
2785,3141,3846,3755,7837,1588,7010,11414,22,10519,8542,354,7736,4301,141,4401,4570,898,4328,3915,464,3566,2985,580,3079,588,331,583,1218,1367,178,174,22,25
